{
  "auc_roc": 0.20759972243771735,
  "precision": 0.5739247529738034,
  "recall": 1.0,
  "f1": 0.7292912216920396,
  "fpr": 0.9999977617218626
}